{"cameraMode":{"drawMode":0,"name":"Shaded","section":"Shading Mode"},"sceneLighting":false,"audioPlay":false,"sceneViewState":{"m_AlwaysRefresh":false,"showFog":true,"showSkybox":false,"showFlares":true,"showImageEffects":true,"showParticleSystems":true,"showVisualEffectGraphs":true,"m_FxEnabled":true},"in2DMode":false,"pivot":{"x":-2.488145112991333,"y":-0.17960017919540406,"z":-1.4613862037658692},"rotation":{"x":-0.04089817404747009,"y":0.8876349925994873,"z":-0.08038175106048584,"w":-0.45166757702827456},"size":2.2143967151641847,"orthographic":false}