{"cameraMode":{"drawMode":0,"name":"Shaded","section":"Shading Mode"},"sceneLighting":false,"audioPlay":false,"sceneViewState":{"m_AlwaysRefresh":false,"showFog":true,"showSkybox":false,"showFlares":true,"showImageEffects":true,"showParticleSystems":true,"showVisualEffectGraphs":true,"m_FxEnabled":true},"in2DMode":false,"pivot":{"x":0.0036163628101348879,"y":0.4994700849056244,"z":-0.017497777938842775},"rotation":{"x":-0.0068064043298363689,"y":-0.9904398918151856,"z":0.12728096544742585,"w":-0.05293351784348488},"size":0.7050694823265076,"orthographic":false}